track_id,seq_order,start_time,end_time
Artist_Title,1,3.715192744,6.989206349
Artist_Title,2,6.989206349,10.170340136
Artist_Title,3,10.170340136,13.514013605
Artist_Title,4,13.514013605,16.718367347
Artist_Title,5,16.718367347,19.853061224
Artist_Title,6,19.853061224,23.219954649
Artist_Title,7,23.219954649,26.447528345
Artist_Title,8,26.447528345,29.675102041
Artist_Title,9,29.675102041,32.879455782
Artist_Title,10,32.879455782,36.269569161
Artist_Title,11,36.269569161,42.585396825
Artist_Title,12,42.585396825,45.929070295
Artist_Title,13,45.929070295,49.086984127
Artist_Title,14,49.086984127,52.384217687
Artist_Title,15,52.384217687,55.518911565
Artist_Title,16,55.518911565,58.839365079
Artist_Title,17,58.839365079,62.020498866
Artist_Title,18,62.020498866,65.387392290
Artist_Title,19,65.387392290,71.819319728
Artist_Title,20,71.819319728,75.046893424
Artist_Title,21,75.046893424,78.320907029
Artist_Title,22,78.320907029,79.946303855
Artist_Title,23,79.946303855,81.548480726
Artist_Title,24,81.548480726,84.822494331
Artist_Title,25,84.822494331,86.401451247
Artist_Title,26,86.401451247,88.096507937
Artist_Title,27,88.096507937,89.675464853
Artist_Title,28,89.675464853,91.277641723
Artist_Title,29,91.277641723,94.574875283
Artist_Title,30,94.574875283,97.802448980
Artist_Title,31,97.802448980,101.076462585
Artist_Title,32,101.076462585,104.187936508
Artist_Title,33,104.187936508,107.508390023
Artist_Title,34,107.508390023,110.735963719
Artist_Title,35,110.735963719,114.033197279
Artist_Title,36,114.033197279,117.400090703
Artist_Title,37,117.400090703,120.349024943
Artist_Title,38,120.349024943,123.669478458
Artist_Title,39,123.669478458,124.923356009
Artist_Title,40,124.923356009,127.036371882
Artist_Title,41,127.036371882,130.194285714
Artist_Title,42,130.194285714,131.448163265
Artist_Title,43,131.448163265,133.537959184
Artist_Title,44,133.537959184,136.695873016
Artist_Title,45,136.695873016,140.016326531
Artist_Title,46,140.016326531,143.197460317
Artist_Title,47,143.197460317,146.425034014
Artist_Title,48,146.425034014,152.903401361
Artist_Title,49,152.903401361,156.247074830
Artist_Title,50,156.247074830,159.428208617
Artist_Title,51,159.428208617,161.053605442
Artist_Title,52,161.053605442,162.679002268
Artist_Title,53,162.679002268,165.836916100
Artist_Title,54,165.836916100,167.578412698
Artist_Title,55,167.578412698,169.227029478
Artist_Title,56,169.227029478,170.759546485
Artist_Title,57,170.759546485,172.361723356
Artist_Title,58,172.361723356,175.705396825
Artist_Title,59,175.705396825,178.886530612
Artist_Title,60,178.886530612,182.137324263
Artist_Title,61,182.137324263,185.364897959
Artist_Title,62,185.364897959,187.013514739
Artist_Title,63,187.013514739,188.638911565
Artist_Title,64,188.638911565,191.982585034
Artist_Title,65,191.982585034,193.515102041
Artist_Title,66,193.515102041,195.233378685
Artist_Title,67,195.233378685,196.742675737
Artist_Title,68,196.742675737,198.368072562
Artist_Title,69,198.368072562,201.618866213
Artist_Title,70,201.618866213,204.846439909
Artist_Title,71,204.846439909,206.448616780
Artist_Title,72,206.448616780,208.074013605
Artist_Title,73,208.074013605,209.652970522
Artist_Title,74,209.652970522,211.278367347
Artist_Title,75,211.278367347,212.857324263
Artist_Title,76,212.857324263,214.552380952
Artist_Title,77,214.552380952,216.108117914
Artist_Title,78,216.108117914,217.687074830
Artist_Title,79,217.687074830,219.405351474
Artist_Title,80,219.405351474,221.030748299
Artist_Title,81,221.030748299,222.632925170
Artist_Title,82,222.632925170,224.304761905
Artist_Title,83,224.304761905,227.555555556
Artist_Title,84,227.555555556,230.806349206
Artist_Title,85,230.806349206,233.987482993
Artist_Title,86,233.987482993,237.238276644
Artist_Title,87,237.238276644,240.465850340
Artist_Title,88,240.465850340,245.434920635
Artist_Title,89,245.434920635,
